{"cameraMode":{"drawMode":0,"name":"Shaded","section":"Shading Mode"},"sceneLighting":true,"audioPlay":false,"sceneViewState":{"showFog":true,"showMaterialUpdate":false,"showSkybox":true,"showFlares":true,"showImageEffects":true,"showParticleSystems":true},"in2DMode":false,"pivot":{"x":96.85346221923828,"y":150.6079559326172,"z":118.68000030517578},"rotation":{"x":-0.17200718820095063,"y":0.5604973435401917,"z":-0.12034577876329422,"w":-0.801112711429596},"size":8.44079303741455,"orthographic":true}